SpeciesCode,CommonName,Phylum,SpeciesClass,SpeciesOrder,SpeciesFamily,SpeciesSubFamily,GenusSpecies,SpeciesCategory
12,"Hagfish, Atlantic",Chordata,Agnatha (Mixini),Myxiniformes,Myxinidae,,Myxine glutinosa,
15,"Lamprey, Sea",Chordata,Agnatha (Cephalaspidomorphi),Petromyzontiformes,Petromyzontidae,,Petromyzon marinus,
17,Shark (NS),Chordata,Chondrichthyes,,,,,
20,"Shark,Greenland",Chordata,Chondrichthyes,Squaliformes,Somnosidae,,Somniosus microcephalus,
23,"Shark,Dogfish (NS)",Chordata,Chondrichthyes,Squaliformes,Squalidae,,,
24,"Shark,Spiny Dogfish",Chordata,Chondrichthyes,Squaliformes,Squalidae,,Squalus acanthias,
27,"Shark,Black Dogfish",Chordata,Chondrichthyes,Squaliformes,Squalidae,,Centroscyllium fabricii,
28,"Shark,Portuguese",Chordata,Chondrichthyes,Squaliformes,Squalidae,,Centroscymnus coelolepis,
45,"Shark,Thresher",Chordata,Chondrichthyes,Lamniformes,Alopiidae,,Alopias vulpinus,
48,"Shark,Basking",Chordata,Chondrichthyes,Lamniformes,Cetorhinidae,,Cetorhinus maximus,
50,"Sharks,Mackerel (NS)",Chordata,Chondrichthyes,Lamniformes,Lamnidae,,,
51,"Shark,Porbeagle",Chordata,Chondrichthyes,Lamniformes,Lamnidae,,Lamna nasus,
52,"Shark,Mako (Shortfin)",Chordata,Chondrichthyes,Lamniformes,Lamnidae,,Isurus oxyrinchus,
53,"Shark,White",Chordata,Chondrichthyes,Lamniformes,Lamnidae,,Carcharodon carcharias,
56,"Shark,Deepsea Cat",Chordata,Chondrichthyes,Carcharhioniformes,Scyliorhinidae,,Apristurus profundorum,
60,"Shark,Requiem (NS)",Chordata,Chondrichthyes,Carcharhioniformes,Carcharhinidae,,,
63,"Shark,Dusty",Chordata,Chondrichthyes,Carcharhioniformes,Carcharhinidae,,Carcharhinus obscurus,
64,"Shark,Smooth Dogfish",Chordata,Chondrichthyes,Carcharhioniformes,Carcharhinidae,,Mustelus canis,
65,"Shark,Blue",Chordata,Chondrichthyes,Carcharhioniformes,Carcharhinidae,,Prionace glauca,
70,"Shark,Hammerhead (NS)",Chordata,Chondrichthyes,Carcharhioniformes,Sphyrnidae,,,
81,Stingrays (NS),Chordata,Chondrichthyes,Myliobatiformes,Dasyatidae,,,
88,Skate (NS),Chordata,Chondrichthyes,Rajiformes,Rajidae,,,
90,"Skate,Thorny",Chordata,Chondrichthyes,Rajiformes,Rajidae,,Amblyraja radiata,
91,"Skate,Smooth",Chordata,Chondrichthyes,Rajiformes,Rajidae,,Malacoraja senta,
92,"Skate,Abyssal",Chordata,Chondrichthyes,Rajiformes,Rajidae,,Rajella bathyphila,
94,"Skate,Round",Chordata,Chondrichthyes,Rajiformes,Rajidae,,Rajella fyllae,
95,"Skate,Arctic",Chordata,Chondrichthyes,Rajiformes,Rajidae,,Amblyraja hyperborea,
96,"Skate,Jensen's",Chordata,Chondrichthyes,Rajiformes,Rajidae,,Amblyraja jenseni,
97,"Skate,Barndoor",Chordata,Chondrichthyes,Rajiformes,Rajidae,,Dipturus laevis,
99,"Skate,Soft",Chordata,Chondrichthyes,Rajiformes,Rajidae,,Malacoraja spinacidermis,
100,"Skate,Winter (Eyed)",Chordata,Chondrichthyes,Rajiformes,Rajidae,,Leucoraja ocellata,
101,"Skate,Richardson's (Deepwater)",Chordata,Chondrichthyes,Rajiformes,Arhynchobatidae,,Bathyraja richardsoni,
102,"Skate,Spinytail",Chordata,Chondrichthyes,Rajiformes,Arhynchobatidae,,Bathyraja spinicauda,
107,"Skate,Bigelow's (Chocolate)",Chordata,Chondrichthyes,Rajiformes,Rajidae,,Rajella bigelowi,
110,"Mantas,Devilfishes (NS)",Chordata,Chondrichthyes,Myliobatiformes,Mobulidae,,,
115,"Torpedo,Atlantic",Chordata,Chondrichthyes,Torpediniformes,Torpedinidae,,Torpedo nobiliana,
118,Chimaeras (NS),Chordata,Chondrichthyes,Chimaeriformes,Chimaeridae,,,
119,Chimaera,Chordata,Chondrichthyes,Chimaeriformes,Chimaeridae,,Chimaera monstrosa,
120,"Chimaera,Longnose",Chordata,Chondrichthyes,Chimaeriformes,Rhinochimaeridae,,Harriotta raleighana,
121,"Chimaera,Deepwater",Chordata,Chondrichthyes,Chimaeriformes,Rhinochimaeridae,,Hydrolagus affinis,
122,"Chimaera,Knifenose",Chordata,Chondrichthyes,Chimaeriformes,Rhinochimaeridae,,Rhinochimaera atlantica,
125,Bony Fish (NS),Chordata,Osteichthyes,,,,,
132,Sturgeons (NS),Chordata,Osteichthyes (Actinopterygii),Acipersiformes,Acipenseridae,,,
133,"Sturgeon,Shortnose",Chordata,Osteichthyes (Actinopterygii),Acipersiformes,Acipenseridae,,Acipenser brevirostrum,
134,"Sturgeon,Atlantic",Chordata,Osteichthyes (Actinopterygii),Acipersiformes,Acipenseridae,,Acipenser oxyrinchus,
146,Searsids (Tubeshoulders) (NS),Chordata,Osteichthyes (Actinopterygii),Osmeriformes,Platytroctidae,,,
149,Herrings (NS),Chordata,Osteichthyes (Actinopterygii),Clupeiformes,Clupeidae,,,
150,"Herring,Atlantic",Chordata,Osteichthyes (Actinopterygii),Clupeiformes,Clupeidae,,Clupea harengus,
151,Alewife (Gasperaux),Chordata,Osteichthyes (Actinopterygii),Clupeiformes,Clupeidae,,Alosa pseudoharengus,
152,"Shad,American",Chordata,Osteichthyes (Actinopterygii),Clupeiformes,Clupeidae,,Alosa sapidissima,
153,"Herring,Blueback",Chordata,Osteichthyes (Actinopterygii),Clupeiformes,Clupeidae,,Alosa aestivalis,
155,"Menhaden, Atlantic",Chordata,Osteichthyes (Actinopterygii),Clupeiformes,Clupeidae,,Brevoortia tyrannus,
160,Anchovies (NS),Chordata,Osteichthyes (Actinopterygii),Clupeiformes,Engraulidae,,,
164,Smoothheads (NS),Chordata,Osteichthyes (Actinopterygii),Osmeriformes,Alepocephalidae,,,
171,"Salmon,Trouts (NS)",Chordata,Osteichthyes (Actinopterygii),Salmoniformes,Salmonidae,,,
173,"Salmon,Atlantic",Chordata,Osteichthyes (Actinopterygii),Salmoniformes,Salmonidae,,Salmo salar,
174,"Trout,Brown",Chordata,Osteichthyes (Actinopterygii),Salmoniformes,Salmonidae,,Salmo trutta,
175,"Trout,Rainbow",Chordata,Osteichthyes (Actinopterygii),Salmoniformes,Salmonidae,,Onchorhyncus mykiss,
176,Char (NS),Chordata,Osteichthyes (Actinopterygii),Salmoniformes,Salmonidae,,Salvelinus  sp.,
177,Arctic Char,Chordata,Osteichthyes (Actinopterygii),Salmoniformes,Salmonidae,,Salvelinus alpinus,
178,"Trout,Brook",Chordata,Osteichthyes (Actinopterygii),Salmoniformes,Salmonidae,,Salvelinus fontinalis,
186,"Smelts,Capelin (NS)",Chordata,Osteichthyes (Actinopterygii),Osmeriformes,Osmeridae,,,
187,Capelin,Chordata,Osteichthyes (Actinopterygii),Osmeriformes,Osmeridae,,Mallotus villosus,
188,"Smelt,Rainbow",Chordata,Osteichthyes (Actinopterygii),Osmeriformes,Osmeridae,,Osmerus mordax,
192,Argentines (NS),Chordata,Osteichthyes (Actinopterygii),Osmeriformes,Argentinidae,,,
199,"Smelts,Deepsea (NS)",Chordata,Osteichthyes (Actinopterygii),Osmeriformes,Bathylagidae,,,
205,Lightfishes (Anglemouth) (NS),Chordata,Osteichthyes (Actinopterygii),Stomiiformes,Gonostomatidae,,,
220,Hatchetfishes (NS),Chordata,Osteichthyes (Actinopterygii),Stomiiformes,Sternoptychidae,Sternoptychinae,,
226,Viperfishes (NS),Chordata,Osteichthyes (Actinopterygii),Stomiiformes,Stomiidae,Chauliodontinae,,
229,"Dragonfish,Scaled (Boa) (NS)",Chordata,Osteichthyes (Actinopterygii),Stomiiformes,Stomiidae,Stomiinae,,
232,Dragonfish (Snaggletooth) (NS),Chordata,Osteichthyes (Actinopterygii),Stomiiformes,Stomiidae,Astronesthinae,,
237,"Dragonfish,Smooth (NS)",Chordata,Osteichthyes (Actinopterygii),Stomiiformes,Stomiidae,Melanostomiinae,,
245,Sawtailfishes (NS),Chordata,Osteichthyes (Actinopterygii),Stomiiformes,Stomiidae,Idiacanthinae,,
250,Daggertooth,Chordata,Osteichthyes (Actinopterygii),Aulopiformes,Paralepididae,,Anotopterus pharao,
272,Lanternfishes (NS),Chordata,Osteichthyes (Actinopterygii),Myctophiformes,Myctophidae,,,
300,Pearleyes (NS),Chordata,Osteichthyes (Actinopterygii),Aulopiformes,Notosudidae,,,
303,Loosejaws (NS),Chordata,Osteichthyes (Actinopterygii),Stomiiformes,Stomiidae,Malacosteinae,,
306,Feelerfishes (NS),Chordata,Osteichthyes (Actinopterygii),Aulopiformes,Ipnopidae,,,
309,Lizardfishes (NS),Chordata,Osteichthyes (Actinopterygii),Aulopiformes,Synodontidae,,,
316,Barracudinas (NS) *Includes Scaled Lancetfish,Chordata,Osteichthyes (Actinopterygii),Aulopiformes,Paralepididae,,,
323,Lancetfishes (NS),Chordata,Osteichthyes (Actinopterygii),Aulopiformes,Alepisauridae,,,
324,"Lancetfish, Shortnosed",Chordata,Osteichthyes (Actinopterygii),Aulopiformes,Alepisauridae,,Alepisaurus brevirostis,
325,"Lancetfish,Longnose",Chordata,Osteichthyes (Actinopterygii),Aulopiformes,Alepisauridae,,Alepisaurus ferox,
327,Greeneyes (NS),Chordata,Osteichthyes (Actinopterygii),Aulopiformes,Chlorophthalamidae,,,
340,Eel (NS),Chordata,Osteichthyes (Actinopterygii),Anguilliformes,,,,
342,"Eel,American",Chordata,Osteichthyes (Actinopterygii),Anguilliformes,Anguillidae,,Anguilla rostrata,
344,"Eel,Moray (NS)",Chordata,Osteichthyes (Actinopterygii),Anguilliformes,Muraenidae,,,
348,"Eel, Snake (NS)",Chordata,Osteichthyes (Actinopterygii),Anguilliformes,Ophichthidae,,,
359,"Eel, Snubnose (NS)",Chordata,Osteichthyes (Actinopterygii),Anguilliformes,Synaphobranchidae,Simenchelyinae,Simenchelys parasiticus,
362,"Eel, Conger",Chordata,Osteichthyes (Actinopterygii),Anguilliformes,Congridae,,Conger oceanicus,
364,"Eel, Longneck (Duckbill) (NS)",Chordata,Osteichthyes (Actinopterygii),Anguilliformes,Derichthyidae,,,
367,"Eel,Snipe (NS)",Chordata,Osteichthyes (Actinopterygii),Anguilliformes,Nemichthyidae,,,
368,"Eel,Slender Snipe",Chordata,Osteichthyes (Actinopterygii),Anguilliformes,Nemichthyidae,,Nemichthys scolopaceus,
369,"Eel,Shortnose Snipe",Chordata,Osteichthyes (Actinopterygii),Anguilliformes,Nemichthyidae,,Serrivomer beani,
373,"Eel,Longnose",Chordata,Osteichthyes (Actinopterygii),Anguilliformes,Synaphobranchidae,Synaphobranchinae,Synaphobranchus kaupi,
378,"Eel,Gulper (NS)",Chordata,Osteichthyes (Actinopterygii),Saccopharyngiformes,Saccopharyngidae,,,
382,"Gulper,Pelican",Chordata,Osteichthyes (Actinopterygii),Saccopharyngiformes,Eupharyngidae,,Eurypharynx pelecanoides,
385,Spiny Eels (NS) (Tapirfishes),Chordata,Osteichthyes (Actinopterygii),Notocanthiformes,Notacanthidae,,,
386,"Tapirfish,Large Scale",Chordata,Osteichthyes (Actinopterygii),Notocanthiformes,Notacanthidae,,Notacanthus chemnitzii,
387,"Tapirfish, Shortspine",Chordata,Osteichthyes (Actinopterygii),Notocanthiformes,Notacanthidae,,Polyacanthonotus rissoanus,
391,"Tapirfish, Backfin",Chordata,Osteichthyes (Actinopterygii),Notocanthiformes,Notacanthidae,,Lipogenys gillii,
394,Halosaurus (NS),Chordata,Osteichthyes (Actinopterygii),Notocanthiformes,Halosauridae,,,
398,Saury (Billfish),Chordata,Osteichthyes (Actinopterygii),Beloniformes,Scomberesocidae,,Scomberesox saurus,
400,Halfbeaks (NS),Chordata,Osteichthyes (Actinopterygii),Beloniformes,Hemiramphidae,,,
402,Flyingfishes (NS),Chordata,Osteichthyes (Actinopterygii),Beloniformes,Exocoetidae,,,
422,Sticklebacks (NS),Chordata,Osteichthyes (Actinopterygii),Gasterosteiformes,Gasterosteidae,,,
431,Moras (Blue Hake/Lepidions),Chordata,Osteichthyes (Actinopterygii),Gadiformes,Moridae,,,
432,"Hake,Blue",Chordata,Osteichthyes (Actinopterygii),Gadiformes,Moridae,,Antimora rostrata,
436,Gadoids (NS) Cod-like fish,Chordata,Osteichthyes (Actinopterygii),Gadiformes,Gadidae,,,
438,"Cod,Atlantic",Chordata,Osteichthyes (Actinopterygii),Gadiformes,Gadidae,Gadinae,Gadus morhua,
439,"Cod,Greenland (Rock)",Chordata,Osteichthyes (Actinopterygii),Gadiformes,Gadidae,Gadinae,Gadus ogac,
440,"Whiting,Blue",Chordata,Osteichthyes (Actinopterygii),Gadiformes,Gadidae,Gadinae,Micromesistius poutassou,
441,Haddock,Chordata,Osteichthyes (Actinopterygii),Gadiformes,Gadidae,Gadinae,Melanogrammus aeglefinus,
442,"Cod, Tomcod",Chordata,Osteichthyes (Actinopterygii),Gadiformes,Gadidae,Gadinae,Microgadus tomcod,
443,Pollock,Chordata,Osteichthyes (Actinopterygii),Gadiformes,Gadidae,Gadinae,Pollachius virens,
444,"Hake,Longfin",Chordata,Osteichthyes (Actinopterygii),Gadiformes,Gadidae,Phycinae,Urophycis chesteri,
445,"Hake,Red (Squirrel)",Chordata,Osteichthyes (Actinopterygii),Gadiformes,Gadidae,Phycinae,Urophycis chuss,
446,"Hake,Spotted",Chordata,Osteichthyes (Actinopterygii),Gadiformes,Gadidae,Phycinae,Urophycis regius,
447,"Hake,White (Common)",Chordata,Osteichthyes (Actinopterygii),Gadiformes,Gadidae,Phycinae,Urophycis tenuis,
448,"Hake,Offshore Silver",Chordata,Osteichthyes (Actinopterygii),Gadiformes,Merlucciidae,Merlucciinae,Merluccius albidus,
449,"Hake,Silver",Chordata,Osteichthyes (Actinopterygii),Gadiformes,Merlucciidae,Merlucciinae,Merluccius bilinearis,
450,Hake (NS)(Silver & Offshore),Chordata,Osteichthyes (Actinopterygii),Gadiformes,Merlucciidae,Merlucciinae,Merluccius  sp.,
451,"Cod,Arctic",Chordata,Osteichthyes (Actinopterygii),Gadiformes,Gadidae,Gadinae,Boreogadus saida,
452,"Cod,Polar",Chordata,Osteichthyes (Actinopterygii),Gadiformes,Gadidae,Gadinae,Arctogadus glacialis,
453,"Rockling, Threebeard (NS)",Chordata,Osteichthyes (Actinopterygii),Gadiformes,Gadidae,Gadinae,Gaidropsarus spp.,
456,"Ling,Blue",Chordata,Osteichthyes (Actinopterygii),Gadiformes,Gadidae,Lotinae,Molva brykelange,
457,"Ling,European",Chordata,Osteichthyes (Actinopterygii),Gadiformes,Gadidae,Lotinae,Molva molva,
458,Cusk,Chordata,Osteichthyes (Actinopterygii),Gadiformes,Gadidae,Lotinae,Brosme brosme,
461,"Rockling, Fourbeard",Chordata,Osteichthyes (Actinopterygii),Gadiformes,Gadidae,Phycinae,Enchelyopus cimbrius,
471,Grenadiers (NS),Chordata,Osteichthyes (Actinopterygii),Gadiformes,Macrouridae,,,
474,"Grenadier,Roughhead",Chordata,Osteichthyes (Actinopterygii),Gadiformes,Macrouridae,Macrourinae,Macrourus berglax,
478,"Grenadier,Common (Marlin Spike)",Chordata,Osteichthyes (Actinopterygii),Gadiformes,Macrouridae,Macrourinae,Nezumia bairdi,
481,"Grenadier,Roundnose",Chordata,Osteichthyes (Actinopterygii),Gadiformes,Macrouridae,Macrourinae,Coryphaenoides rupestris,
492,Opah,Chordata,Osteichthyes (Actinopterygii),Lampridiformes,Lamprididae,,Lampris guttatus,
499,Fangtooth (Ogrefish) (NS),Chordata,Osteichthyes (Actinopterygii),Beryciformes,Anoplogastridae,,,
502,Ridgeheads (NS),Chordata,Osteichthyes (Actinopterygii),Beryciformes,Melamphaeidae,,,
506,Beardfishes (NS),Chordata,Osteichthyes (Actinopterygii),Polymixiformes,Polymixiidae,,,
511,Alfonsinos (NS),Chordata,Osteichthyes (Actinopterygii),Beryciformes,Berycidae,,,
516,Manefishes (NS),Chordata,Osteichthyes (Actinopterygii),Perciformes,Caristiidae,,,
519,Spinyfins (NS),Chordata,Osteichthyes (Actinopterygii),Beryciformes,Diretmidae,,,
526,Slimeheads (NS) (Orange Roughy),Chordata,Osteichthyes (Actinopterygii),Beryciformes,Trachichthyidae,,,
529,Dories (NS),Chordata,Osteichthyes (Actinopterygii),Zeiformes,Zeidae,,,
531,Diamond Dories (NS),Chordata,Osteichthyes (Actinopterygii),Zeiformes,Grammicolepididae,,,
534,Mullets (NS),Chordata,Osteichthyes (Actinopterygii),Mugiliformes,Mugilidae,,,
536,Barracudas (NS),Chordata,Osteichthyes (Actinopterygii),Perciformes,Sphyraenidae,,,
539,"Silversides,Atlantic",Chordata,Osteichthyes (Actinopterygii),Atheriniformes,Atherinopsidae,Menidiinae,Menidia menidia,
542,Squaretails (NS),Chordata,Osteichthyes (Actinopterygii),Perciformes,Tetragonuridae,,,
546,Cutlassfishes (NS),Chordata,Osteichthyes (Actinopterygii),Perciformes,Trichiuridae,,,
550,Snake Mackerels (NS),Chordata,Osteichthyes (Actinopterygii),Perciformes,Gempylidae,,,
556,"Mackerels,Tunas (NS)",Chordata,Osteichthyes (Actinopterygii),Perciformes,Scombridae,Scombrinae,,
560,"Tuna,Skipjack",Chordata,Osteichthyes (Actinopterygii),Perciformes,Scombridae,Scombrinae,Euthynnus (Katsuwonus) pelamis,
562,"Tuna,Albacore",Chordata,Osteichthyes (Actinopterygii),Perciformes,Scombridae,Scombrinae,Thunnus alalunga,
563,"Tuna,Yellowfin",Chordata,Osteichthyes (Actinopterygii),Perciformes,Scombridae,Scombrinae,Thunnus albacares,
564,"Tuna,Bigeye",Chordata,Osteichthyes (Actinopterygii),Perciformes,Scombridae,Scombrinae,Thunnus obesus,
565,"Tuna,Bluefin",Chordata,Osteichthyes (Actinopterygii),Perciformes,Scombridae,Scombrinae,Thunnus thynnus,
568,"Mackerel,King",Chordata,Osteichthyes (Actinopterygii),Perciformes,Scombridae,Scombrinae,Scomberomorus cavalla,
572,"Mackerel,Atlantic",Chordata,Osteichthyes (Actinopterygii),Perciformes,Scombridae,Scombrinae,Scomber scombrus,
575,"Marlins,Sailfishes",Chordata,Osteichthyes (Actinopterygii),Perciformes,Istiophoridae,,,
576,"Marlin,Atlantic White",Chordata,Osteichthyes (Actinopterygii),Perciformes,Istiophoridae,,Makaira (Tetrapterus) albida,
577,"Marlin,Blue",Chordata,Osteichthyes (Actinopterygii),Perciformes,Istiophoridae,,Makaira nigricans,
582,Swordfish,Chordata,Osteichthyes (Actinopterygii),Perciformes,Xiphiidae,,Xiphias gladius,
591,Sea Basses (NS),Chordata,Osteichthyes (Actinopterygii),Perciformes,Serranidae,,,
593,Wreckfish,Chordata,Osteichthyes (Actinopterygii),Perciformes,Polyprionidae,,Polyprion americanus,
598,"Sea Bass,Rock",Chordata,Osteichthyes (Actinopterygii),Perciformes,Serranidae,Serraninae,Centropristes philadelphicus,
604,Snappers (NS),Chordata,Osteichthyes (Actinopterygii),Perciformes,Lutjanidae,,,
609,Bigeyes (NS),Chordata,Osteichthyes (Actinopterygii),Perciformes,Priacanthidae,,,
612,Cobias (NS),Chordata,Osteichthyes (Actinopterygii),Perciformes,Rachycentridae,,,
615,Cardinalfishes (NS),Chordata,Osteichthyes (Actinopterygii),Perciformes,Apogonidae,,,
619,Tilefishes (NS),Chordata,Osteichthyes (Actinopterygii),Perciformes,Malacanthidae,Latilinae,,
622,Bluefishes (NS),Chordata,Osteichthyes (Actinopterygii),Perciformes,Pomatomidae,,,
625,"Jacks,Pompanos (NS)",Chordata,Osteichthyes (Actinopterygii),Perciformes,Carangidae,,,
640,Dolphinfish (NS),Chordata,Osteichthyes (Actinopterygii),Perciformes,Coryphaenidae,,Coryphaena spp,
643,Pomfrets (NS),Chordata,Osteichthyes (Actinopterygii),Perciformes,Bramidae,,,
647,Weakfishes (NS),Chordata,Osteichthyes (Actinopterygii),Perciformes,Sciaenidae,,Cynoscion spp,
651,Drums & Coakers (NS),Chordata,Osteichthyes (Actinopterygii),Perciformes,Sciaenidae,,,
658,Surmullets (NS),Chordata,Osteichthyes (Actinopterygii),Perciformes,Mullidae,,,
661,Porgies (NS),Chordata,Osteichthyes (Actinopterygii),Perciformes,Sparidae,,,
667,Butterflyfish (NS),Chordata,Osteichthyes (Actinopterygii),Perciformes,Chaetodontidae,,,
672,Cunner (Connor),Chordata,Osteichthyes (Actinopterygii),Perciformes,Labridae,,Tautogolabrus adspersus,
678,Swallowers (NS),Chordata,Osteichthyes (Actinopterygii),Perciformes,Chiasmodontidae,,,
681,Percophids (NS),Chordata,Osteichthyes (Actinopterygii),Perciformes,Percophidae,,,
684,Stargazers (NS),Chordata,Osteichthyes (Actinopterygii),Perciformes,Uranoscopidae,,,
687,Dragonets (NS),Chordata,Osteichthyes (Actinopterygii),Perciformes,Draconettidae,,,
693,Sand Lances (NS),Chordata,Osteichthyes (Actinopterygii),Perciformes,Ammodytidae,,,
698,Wolffishes (NS),Chordata,Osteichthyes (Actinopterygii),Perciformes,Anarhichadidae,,,
699,"Wolffish,Broadhead",Chordata,Osteichthyes (Actinopterygii),Perciformes,Anarhichadidae,,Anarhichas denticulatus,
700,"Wolffish,Striped",Chordata,Osteichthyes (Actinopterygii),Perciformes,Anarhichadidae,,Anarhichas lupus,
701,"Wolffish,Spotted",Chordata,Osteichthyes (Actinopterygii),Perciformes,Anarhichadidae,,Anarhichas minor,
703,Gunnels (NS),Chordata,Osteichthyes (Actinopterygii),Perciformes,Pholidae,,,
709,Blennies and Shannies (NS),Chordata,Osteichthyes (Actinopterygii),Perciformes,Stichaeidae,,,
721,Wrymouth,Chordata,Osteichthyes (Actinopterygii),Perciformes,Cryptacanthodidae,,Cryptacanthodes maculatus,
725,"Eelpouts,Ocean Pouts,Wolfeels (NS)",Chordata,Osteichthyes (Actinopterygii),Perciformes,Zoarcidae,,,
757,Brotulas (NS),Chordata,Osteichthyes (Actinopterygii),Ophidiiformes,Bythitidae,,,
760,Cusk Eels (NS),Chordata,Osteichthyes (Actinopterygii),Ophidiiformes,Ophidiidae,,,
776,"Ruffs, Barrelfish( NS) ",Chordata,Osteichthyes (Actinopterygii),Perciformes,Centrolophidae,,,
781,Butterfish (NS),Chordata,Osteichthyes (Actinopterygii),Perciformes,Stromateidae,,,
791,Rockfishes (NS),Chordata,Osteichthyes (Actinopterygii),Scorpaeniformes,Scorpaenidae,,,
792,Redfish (NS),Chordata,Osteichthyes (Actinopterygii),Scorpaeniformes,Scorpaenidae,,Sebastes  sp.,
793,"Redfish,Golden (Marinus)",Chordata,Osteichthyes (Actinopterygii),Scorpaeniformes,Scorpaenidae,,Sebastes marinus,
794,"Redfish,Deepwater (Mentella)",Chordata,Osteichthyes (Actinopterygii),Scorpaeniformes,Scorpaenidae,,Sebastes mentella,
796,"Redfish,Bank",Chordata,Osteichthyes (Actinopterygii),Scorpaeniformes,Scorpaenidae,,Sebastes fasciatus,
797,Blackbelly Rosefish,Chordata,Osteichthyes (Actinopterygii),Scorpaeniformes,Scorpaenidae,,Helicolenus dacytlopterus,
798,Searobins (NS),Chordata,Osteichthyes (Actinopterygii),Scorpaeniformes,Triglidae,,,
808,Sculpins (NS),Chordata,Osteichthyes (Actinopterygii),Scorpaeniformes,Cottidae,,,
809,Sea Raven,Chordata,Osteichthyes (Actinopterygii),Scorpaeniformes,Hemitripteridae,,Hemitripterus americanus,
810,"Sculpin,Hookear (NS)",Chordata,Osteichthyes (Actinopterygii),Scorpaeniformes,Cottidae,,Artediellus  sp.,
813,"Sculpin,Mailed (NS)",Chordata,Osteichthyes (Actinopterygii),Scorpaeniformes,Cottidae,,Triglops  sp.,
817,"Sculpin, Horned *Shorthorn, Longhorn, Grubby",Chordata,Osteichthyes (Actinopterygii),Scorpaeniformes,Cottidae,,Myoxocephalus  sp.,
823,"Sculpin,Arctic Staghorn",Chordata,Osteichthyes (Actinopterygii),Scorpaeniformes,Cottidae,,Gymnocanthus tricuspis,
827,"Sculpin,Deep Sea",Chordata,Osteichthyes (Actinopterygii),Scorpaeniformes,Cottidae,,Cottunculus  cp.,s
828,"Sculpin,Deepsea Pallid",Chordata,Osteichthyes (Actinopterygii),Scorpaeniformes,Cottidae,,Cottunculus thompsoni,
829,"Sculpin,Deepsea Polar",Chordata,Osteichthyes (Actinopterygii),Scorpaeniformes,Cottidae,,Cottunculus microps,
830,"Sculpin,Twohorn (NS) *Twohorn and Spatulate",Chordata,Osteichthyes (Actinopterygii),Scorpaeniformes,Cottidae,,Icelus  sp.,
835,Alligatorfish (NS),Chordata,Osteichthyes (Actinopterygii),Scorpaeniformes,Agonidae,,,
836,"Alligatorfish,Northern",Chordata,Osteichthyes (Actinopterygii),Scorpaeniformes,Agonidae,,Agonus decagonus,
837,"Alligatorfish,Arctic",Chordata,Osteichthyes (Actinopterygii),Scorpaeniformes,Agonidae,,Aspidophoroides olriki,
838,"Alligatorfish,Common",Chordata,Osteichthyes (Actinopterygii),Scorpaeniformes,Agonidae,,Aspidophoroides monopterygius,
842,Lumpfishes(NS),Chordata,Osteichthyes (Actinopterygii),Scorpaeniformes,Cyclopteridae,Cyclopterinae,,
843,Lumpsuckers (NS),Chordata,Osteichthyes (Actinopterygii),Scorpaeniformes,Cyclopteridae,Cyclopterinae,Eumicrotremus  sp.,
849,"Lumpfish,Common",Chordata,Osteichthyes (Actinopterygii),Scorpaeniformes,Cyclopteridae,Cyclopterinae,Cyclopterus lumpus,
853,Seasnails (NS),Chordata,Osteichthyes (Actinopterygii),Scorpaeniformes,Liparidae,,,
877,Flying Gurnards (NS),Chordata,Osteichthyes (Actinopterygii),Scorpaeniformes,Dactylopteridae,,,
880,Toadfishes (NS),Chordata,Osteichthyes (Actinopterygii),Batrachoidiformes,Batrachoididae,,,
887,"Flounder,Righteyed (NS)",Chordata,Osteichthyes (Actinopterygii),Pleuronectiformes,Pleuronectidae,,,
889,"Flounder,American Plaice",Chordata,Osteichthyes (Actinopterygii),Pleuronectiformes,Pleuronectidae,Hippoglossoidinae,Hippoglossoides platessoides,
890,"Flounder,Witch",Chordata,Osteichthyes (Actinopterygii),Pleuronectiformes,Pleuronectidae,Pleuronectinae,Glyptocephalus cynoglossus,
891,"Flounder,Yellowtail",Chordata,Osteichthyes (Actinopterygii),Pleuronectiformes,Pleuronectidae,Pleuronectinae,Limanda ferruginea,
892,"Flounder,Turbot",Chordata,Osteichthyes (Actinopterygii),Pleuronectiformes,Pleuronectidae,Hippoglossinae,Reinhardtius hippoglossoides,
893,"Flounder,Atlantic Halibut",Chordata,Osteichthyes (Actinopterygii),Pleuronectiformes,Pleuronectidae,Hippoglossinae,Hippoglossus hippoglossus,
894,"Flounder,Smooth",Chordata,Osteichthyes (Actinopterygii),Pleuronectiformes,Pleuronectidae,Pleuronectinae,Liopsetta putnami,
895,"Flounder,Winter",Chordata,Osteichthyes (Actinopterygii),Pleuronectiformes,Pleuronectidae,Pleuronectinae,Pseudoplueronectes americanus,
898,"Flounder,Lefteyed (NS)",Chordata,Osteichthyes (Actinopterygii),Pleuronectiformes,Bothidae,,,
900,"Flounder,Summer",Chordata,Osteichthyes (Actinopterygii),Pleuronectiformes,Paralichthyidae,,Paralichthys dentatus,
901,"Flounder,Four Spot",Chordata,Osteichthyes (Actinopterygii),Pleuronectiformes,Paralichthyidae,,Paralichthys oblongus,
907,"Flounder,Windowpane",Chordata,Osteichthyes (Actinopterygii),Pleuronectiformes,Scophthalmidae,,Lophopsetta aquosus,
921,Remoras/Sharksuckers (NS),Chordata,Osteichthyes (Actinopterygii),Perciformes,Echeneidae,,,
928,Spikefishes (NS),Chordata,Osteichthyes (Actinopterygii),Tetraodontiformes,Triacanthodidae,,,
932,Filefishes (NS),Chordata,Osteichthyes (Actinopterygii),Tetraodontiformes,Monacanthidae,,,
940,Triggerfishes (NS),Chordata,Osteichthyes (Actinopterygii),Tetraodontiformes,Balistidae,,,
946,Trunkfishes (NS),Chordata,Osteichthyes (Actinopterygii),Tetraodontiformes,Ostraciidae,,,
950,Puffers (NS),Chordata,Osteichthyes (Actinopterygii),Tetraodontiformes,Tetraodontidae,,,
958,Porcupinefishes (NS),Chordata,Osteichthyes (Actinopterygii),Tetraodontiformes,Diodontidae,,,
962,Ocean Sunfishes (NS),Chordata,Osteichthyes (Actinopterygii),Tetraodontiformes,Molidae,,,
965,Anglers (Goosefishes) (NS),Chordata,Osteichthyes (Actinopterygii),Lophiiformes,Lophiidae,,,
966,"Angler,Common (Monkfish)",Chordata,Osteichthyes (Actinopterygii),Lophiiformes,Lophiidae,,Lophius americanus,
968,Batfishes (NS),Chordata,Osteichthyes (Actinopterygii),Lophiiformes,Ogocephalidae,,,
974,Frogfishes (NS),Chordata,Osteichthyes (Actinopterygii),Lophiiformes,Antennariidae,,,
977,Gapers (NS),Chordata,Osteichthyes (Actinopterygii),Lophiiformes,Chaunacidae,,,
980,Sea Devils (NS),Chordata,Osteichthyes (Actinopterygii),Lophiiformes,Ceratiidae,,,
981,"Deepsea Angler,Big",Chordata,Osteichthyes (Actinopterygii),Lophiiformes,Ceratiidae,,Ceratius holboelli,
982,"Sea Devil, Warted",Chordata,Osteichthyes (Actinopterygii),Lophiiformes,Ceratiidae,,Cryptosaras couesi,
985,Blacktail Netdevil,Chordata,Osteichthyes (Actinopterygii),Lophiiformes,Linophrynidae,,Linophryne coronata,
987,Footballfishes (NS),Chordata,Osteichthyes (Actinopterygii),Lophiiformes,Himantolophidae,,,
988,"Footballfish,Atlantic",Chordata,Osteichthyes (Actinopterygii),Lophiiformes,Himantolophidae,,Himantolophus groenlandicus,
999,Unidentified Fish,Chordata,Osteichthyes (Actinopterygii),,,,Unidentified Fish,
1010,Whale (NS),Chordata,Mammalia,Cetacea,,,,
1011,Baleen Whale (NS),Chordata,Mammalia,Cetacea (Mysticeti),,,,
1014,Minke Whale,Chordata,Mammalia,Cetacea (Mysticeti),Balaenopteridae,,Balaenoptera acutorostrata,
1015,Fin Whale,Chordata,Mammalia,Cetacea (Mysticeti),Balaenopteridae,,Balaenoptera physalus,
1016,Blue Whale,Chordata,Mammalia,Cetacea (Mysticeti),Balaenopteridae,,Balaenoptera musculus,
1017,Sei Whale,Chordata,Mammalia,Cetacea (Mysticeti),Balaenopteridae,,Balaenoptera borealis,
1020,Humpback Whale,Chordata,Mammalia,Cetacea (Mysticeti),Balaenopteridae,,Megaptera novaeangliae,
1023,Bowhead Whale,Chordata,Mammalia,Cetacea (Mysticeti),Balaenidae,,Balaena mysticetus,
1024,Right Whale,Chordata,Mammalia,Cetacea (Mysticeti),Balaenidae,,Eubalaena glacialis,
1030,Toothed Whale (NS),Chordata,Mammalia,Cetacea (Odontoceti),,,,
1031,Beaked Whales (NS),Chordata,Mammalia,Cetacea (Odontoceti),Ziphiidae,,,
1042,Pygmy Sperm Whale,Chordata,Mammalia,Cetacea (Odontoceti),Kogiidae,,Kogia breviceps,
1043,Dwarf Sperm Whale,Chordata,Mammalia,Cetacea (Odontoceti),Kogiidae,,Kogia simus,
1045,Sperm Whale,Chordata,Mammalia,Cetacea (Odontoceti),Physeteridae,,Physeter catodon,
1051,Narwhal,Chordata,Mammalia,Cetacea (Odontoceti),Monodontidae,,Monodon monoceros,
1052,Beluga,Chordata,Mammalia,Cetacea (Odontoceti),Monodontidae,,Delphinapterus leucas,
1058,White Beaked Dolphin,Chordata,Mammalia,Cetacea (Odontoceti),Delphinidae,,Lagenorhynchus albirostris,
1059,Atl. White Sided Dolphin,Chordata,Mammalia,Cetacea (Odontoceti),Delphinidae,,Lagenorhynchus acutus,
1067,Bottlenosed Dolphin,Chordata,Mammalia,Cetacea (Odontoceti),Delphinidae,,Tursiops truncatus,
1068,Risso's Dolphin,Chordata,Mammalia,Cetacea (Odontoceti),Delphinidae,,Grampus griseus,
1069,Common Dolphin,Chordata,Mammalia,Cetacea (Odontoceti),Delphinidae,,Delphinus delphis,
1071,Long-finned Pilot Whale,Chordata,Mammalia,Cetacea (Odontoceti),Delphinidae,,Globicephala malaena,
1074,Pygmy Killer Whale,Chordata,Mammalia,Cetacea (Odontoceti),Delphinidae,,Feresa attenuata,
1075,False Killer Whale,Chordata,Mammalia,Cetacea (Odontoceti),Delphinidae,,Pseudorca crassidens,
1076,Killer Whale,Chordata,Mammalia,Cetacea (Odontoceti),Delphinidae,,Orcinus orca,
1078,Harbour Porpoise,Chordata,Mammalia,Cetacea (Odontoceti),Phocoenidae,,Phocoena phocoena,
1081,True Seals (NS),Chordata,Mammalia,Carnivora,Phocidae,,,
1083,Harbour Seal,Chordata,Mammalia,Carnivora,Phocidae,,Phoca vitulina,
1084,Ringed Seal,Chordata,Mammalia,Carnivora,Phocidae,,Pusa hispida,
1085,Harp Seal,Chordata,Mammalia,Carnivora,Phocidae,,Phoca groenlandica,
1087,Bearded Seal,Chordata,Mammalia,Carnivora,Phocidae,,Erignathus barbatus,
1088,Grey Seal,Chordata,Mammalia,Carnivora,Phocidae,,Halichoerus grypus,
1089,Hooded Seal,Chordata,Mammalia,Carnivora,Phocidae,,Cystophora cristata,
1091,Walrus,Chordata,Mammalia,Carnivora,Odobenidae,,Odobenus rosmarus,
1099,Polar Bear,Chordata,Mammalia,Carnivora,Ursidae,,Ursus maritimus,
1100,Invertebrate (NS),,,,,,,
1101,Sponge,Porifera,,,,,,
2040,Jellyfish,Cnidaria,Scyphozoa,,,,,
2165,Sea Anemone,Cnidaria,Anthozoa,Actiniaria,,,,
2250,Comb-Jelly,Ctenophora,,,,,,
3110,"Mollusc (Snails,Bivalves,Squid)",Mollusca,,,,,,
3125,Chiton,Mollusca,Polyplacophora,,,,,
3175,Gastropod,Mollusca,Gastropoda,,,,,
3201,Top Snails,Mollusca,Gastropoda,Archaeogastropoda,Trochidae,,,
3247,Periwinkles,Mollusca,Gastropoda,Neotaeniaglossa,Littorinidae,,,
3420,"Snail, Moon",Mollusca,Gastropoda,Neotaeniaglossa,Naticidae,,,
3515,Whelks (NS),Mollusca,Gastropoda,Neogastropoda,Buccinidae,,,
3995,Bivalve,Mollusca,Bivalvia,,,,,
4120,Mussels (NS),Mollusca,Bivalvia,Mytiloida,Mytilidae,,,
4122,"Mussel, Blue",Mollusca,Bivalvia,Mytiloida,Mytilidae,,Mytilus edulis,
4155,Oysters (NS),Mollusca,Bivalvia,Ostreoida,Ostreidae,,,
4165,Scallop (NS),Mollusca,Bivalvia,Ostreoida,Pectinidae,,,
4167,"Scallop, Icelandic",Mollusca,Bivalvia,Ostreoida,Pectinidae,,Chlamys islandica,
4179,"Scallop, Giant",Mollusca,Bivalvia,Ostreoida,Pectinidae,,Placopecten magellanicus,
4272,"Clam, Ocean Quahog",Mollusca,Bivalvia,Veneroida,Arcticidae,,Arctica islandica,
4343,"Clam, Greenland Cockle",Mollusca,Bivalvia,Veneroida,Cardiidae,,Serripes groenlandicus,
4376,"Clam, Atlantic Surf",Mollusca,Bivalvia,Veneroida,Mactridae,,Spisula solidissima,
4377,"Clam, Stimpson's Surf",Mollusca,Bivalvia,Veneroida,Mactridae,,Mactromeris polynyma,
4425,Clam (NS),Mollusca,Bivalvia,Myoida,Myidae,,,
4441,"Clam, Bank (Propellor)",Mollusca,Bivalvia,Myoida,Hiatellidae,,Cyrtodaria siliqua,
4545,Cephalopod (NS),Mollusca,Cephalopoda,,,,,
4554,"Squid, Bob-Tail",Mollusca,Cephalopoda,Sepiolida,Sepiolidae,,,
4591,"Squid, True Squid (NS)",Mollusca,Cephalopoda,Teuthida,,,,
4595,"Squid, Longfin",Mollusca,Cephalopoda,Teuthida,Loliginidae,,Loligo spp.,
4751,"Squid, Shortfin",Mollusca,Cephalopoda,Teuthida,Ommastrephidae,,Illex spp.,
4846,Octopus,Mollusca,Cephalopoda,Octopoda,,,,
4949,Annelid (Segmented Worms),Annelida,,,,,,
4950,Polychaete,Annelida,Polychaeta,,,,,
5950,Arthropod,Arthropoda,,,,,,
5951,Sea Spider,Arthropoda,Pycnogonida,,,,,
8019,Decapod Crustacean,Arthropoda,Malacostraca,Decapoda,,,,
8020,Shrimp (NS),Arthropoda,Malacostraca,Decapoda,,,,
8111,"Shrimp, (Pandalus Borealis)",Arthropoda,Malacostraca,Decapoda,Pandalidae,,Pandalus borealis,
8112,"Shrimp, (Pandalus Montagui)",Arthropoda,Malacostraca,Decapoda,Pandalidae,,Pandalus montagui,
8154,Lobster,Arthropoda,Malacostraca,Decapoda,Nephropidae,Nephropinae,Homerus americanus,
8177,"Crab, Hermit (NS)",Arthropoda,Malacostraca,Decapoda,Paguridae,,,
8194,"Crab, Spiny (NS)",Arthropoda,Malacostraca,Decapoda,Lithodidae,,,
8196,"Crab, Spiny Brown",Arthropoda,Malacostraca,Decapoda,Lithodidae,,Lithodes maja,
8200,"Crab, Spiny Red",Arthropoda,Malacostraca,Decapoda,Lithodidae,,Neolithodes grimaldii,
8203,"Crab, True Crab (NS)",Arthropoda,Malacostraca,Decapoda,,,,
8204,"Crab, Cancer ",Arthropoda,Malacostraca,Decapoda,Cancridae,,Cancer spp.,
8213,"Crab, Snow Or Queen",Arthropoda,Malacostraca,Decapoda,Oregoniidae,,Chionoecetes opilio,
8216,"Crab, Toad (NS)",Arthropoda,Malacostraca,Decapoda,Oregoniidae,,Hyas spp.,
8260,Echinoderm,Echinodermata,,,,,,
8290,Sea Cucumber (NS),Echinodermata,Holothuroidea,,,,,
8295,"Sea Cucumber, Orange",Echinodermata,Holothuroidea,Dendrochirotida,Psolidae,,Psolus fabricii,
8312,"Sea Cucumber, Brown",Echinodermata,Holothuroidea,Dendrochirotida,Cucumariidae,,Cucumaria frondosa,
8360,Sea Urchin (NS),Echinodermata,Echinoidea,Echinoida,,,,
8370,Sand Dollar (NS),Echinodermata,Echinoidea,Clypeasteroida,,,,
8390,Sea Star / Starfish (NS),Echinodermata,Asteroidea,,,,,
8539,Basket Star,Echinodermata,Ophiuroidea,Phrynophiurida,Gorgonocephalidae,,,
8549,Brittle Star,Echinodermata,Ophiuroidea,Ophiurida,,,,
8900,"Coral, Unknown",Cnidaria,Anthozoa,,,,,
8901,"Coral, Sea Pen",Cnidaria,Anthozoa,Pennatulacea,,,,
8902,"Coral, Sea Corn",Cnidaria,Anthozoa,Gorgonacea,Primnoidae,,Primnoa resedaeformis,
8903,"Coral, Bubblegum",Cnidaria,Anthozoa,Gorgonacea,Paragorgiidae,,Paragorgia arborea,
8906,"Coral, Bamboo",Cnidaria,Anthozoa,Gorgonacea,Isididae,,Keratoisis ornata,
8907,"Coral, Bushy",Cnidaria,Anthozoa,Gorgonacea,Acanthogorgiidae,,Acanthogorgia armata,
8908,"Coral, Mushroom",Cnidaria,Anthozoa,Gorgonacea,Anthomastidae,,Anthomastus spp.,
8909,"Coral, Bonsai",Cnidaria,Anthozoa,Gorgonacea,Isididae,,Acanella arbuscula,
8910,"Coral, Sea Whip",Cnidaria,Anthozoa,Gorgonacea,Chrysogorgiidae,,Radicipes gracilis,
8912,"Coral, Black",Cnidaria,Anthozoa,Antipatharia,Schizopathidae,,,
8913,"Coral, Black Wire",Cnidaria,Anthozoa,Gorgonacea,Plexauridae,,Paramuricea spp.,
8914,"Coral, Cup",Cnidaria,Anthozoa,Scleractinia,,,,
8920,"Coral, Soft",Cnidaria,Anthozoa,Gorgonacea,Nephthyidae,,,
9600,"Bird, Unknown",Chordata,Aves,,,,,
9603,Loon (NS),Chordata,Aves,Ciconiiformes,Gaviidae,,Gavia sp.,
9604,"Loon, Common",Chordata,Aves,Ciconiiformes,Gaviidae,,Gavia immer,
9605,"Loon, Red-Throated",Chordata,Aves,Ciconiiformes,Gaviidae,,Gavia stellata,
9608,Shearwater or Fulmar (NS),Chordata,Aves,Ciconiiformes,Procellariidae,,,
9610,"Fulmar, Northern (Noddy)",Chordata,Aves,Ciconiiformes,Procellariidae,,Fulmarus glacialis,
9612,"Shearwater, Cory's",Chordata,Aves,Ciconiiformes,Procellariidae,,Puffinus diomedia,
9613,"Shearwater, Greater",Chordata,Aves,Ciconiiformes,Procellariidae,,Puffinus gravis,
9614,"Shearwater, Manx",Chordata,Aves,Ciconiiformes,Procellariidae,,Puffinus puffinus,
9615,"Shearwater, Sooty",Chordata,Aves,Ciconiiformes,Procellariidae,,Puffinus griseus,
9626,Gannet,Chordata,Aves,Ciconiiformes,Sulidae,,Morus bassana,
9628,Cormorant (NS),Chordata,Aves,Ciconiiformes,Phalacrocoracidae,,Phalacrocorax sp.,
9629,"Cormorant, Great",Chordata,Aves,Ciconiiformes,Phalacrocoracidae,,Phalacrocorax carbo,
9630,"Cormorant, Double-Crested",Chordata,Aves,Ciconiiformes,Phalacrocoracidae,,Phalacrocorax auritus,
9632,Ducks and Geese (NS),Chordata,Aves,Anseriformes,,,,
9637,"Eider, Common",Chordata,Aves,Anseriformes,Anatidae,Anatinae,Somateria mollissima,
9657,Jaegers and Skuas (NS),Chordata,Aves,Ciconiiformes,Laridae,Stercorariinae,,
9666,Gull (NS) (Includes Kittiwakes),Chordata,Aves,Ciconiiformes,Laridae,Larinae,,
9671,"Gull, Great Black-Backed",Chordata,Aves,Ciconiiformes,Laridae,Larinae,Larus marinus,
9672,"Gull, Herring",Chordata,Aves,Ciconiiformes,Laridae,Larinae,Larus argentatus,
9690,Auk (NS),Chordata,Aves,Ciconiiformes,Alcidae,,,
9691,Razorbill,Chordata,Aves,Ciconiiformes,Alcidae,,Alca torda,
9692,Murre (NS),Chordata,Aves,Ciconiiformes,Alcidae,,Uria sp.,
9693,"Murre, Common",Chordata,Aves,Ciconiiformes,Alcidae,,Uria aalge,
9694,"Murre, Thick-Billed",Chordata,Aves,Ciconiiformes,Alcidae,,Uria lomvia,
9695,Dovekie,Chordata,Aves,Ciconiiformes,Alcidae,,Alle alle,
9696,"Guillemot, Black",Chordata,Aves,Ciconiiformes,Alcidae,,Cepphus grylle,
9697,"Puffin, Common (Atlantic)",Chordata,Aves,Ciconiiformes,Alcidae,,Fratercula arctica,
9701,Leatherback Sea Turtle,Chordata,Reptilia,Testudines,Dermochelyidae,,Dermochelys coriacea,
9702,Loggerhead Sea Turtle,Chordata,Reptilia,Testudines,Cheloniidae,,Caretta caretta,
9703,Green Sea Turtle,Chordata,Reptilia,Testudines,Cheloniidae,,Chelonia mydas,
9704,Ridley Sea Turtle,Chordata,Reptilia,Testudines,Cheloniidae,,Lepidochelys maritimus,
9979,Mud,,,,,,,
9980,Unidentified Material,,,,,,,
9981,Sand,,,,,,,
9982,Stone,,,,,,,
9983,Shells,,,,,,,
9987,Plant Material,,,,,,,
